{
  "indexes": [
    {
      "collectionGroup": "jobs",
      "queryScope": "COLLECTION",
      "fields": [
        {"fieldPath": "isActive", "order": "ASCENDING"},
        {"fieldPath": "applicationEnd", "order": "ASCENDING"}
      ]
    },
    {
      "collectionGroup": "jobs",
      "queryScope": "COLLECTION",
      "fields": [
        {"fieldPath": "isActive", "order": "ASCENDING"},
        {"fieldPath": "category", "order": "ASCENDING"},
        {"fieldPath": "applicationEnd", "order": "ASCENDING"}
      ]
    }
  ],
  "fieldOverrides": []
}
